{"Initiation of Oxidative": [0.86, 0.3712, 0.33999999999999997], "Outcomes of Oxidative Stress": [0.33999999999999997, 0.86, 0.3712], "Regulation of Oxidative Stress": [0.3712, 0.33999999999999997, 0.86]}